itemid,serialnumber,itemname,macaddress,modelid,modelname,hasbatteries,subjectspecific,vendorid,vendorname,typeid,typename,subtypeid,subtypename,batterymonths,lastbatterychange,active,activename,homeid,subjectid,start,automatic_token,automatic_refresh,automatic_username,automatic_password,projectid,projectname,ownershiptypeid,ownershiptypename,statusid,statusname
"7776","zbd0026-r308","zbd0026-r308","000D6F000322777A","121","R308","0","0","53","Telegesis","41","USB Dongle","40","Zigbee","12","","1","Active","","","","","","","","22","Rush","1","Received","1","Received"
"7808","zbd0058-r308","zbd0058-r308","000D6F0003227856","121","R308","0","0","53","Telegesis","41","USB Dongle","40","Zigbee","12","","1","Active","","","","","","","","22","Rush","1","Received","1","Received"
"7840","zbd0090-r308","zbd0090-r308","000D6F0003227A57","121","R308","0","0","53","Telegesis","41","USB Dongle","40","Zigbee","12","","1","Active","","","","","","","","22","Rush","1","Received","1","Received"
"7841","zbd0091-r308","zbd0091-r308","000D6F00032277D6","121","R308","0","0","53","Telegesis","41","USB Dongle","40","Zigbee","12","","1","Active","","","","","","","","22","Rush","1","Received","1","Received"
"7851","zbd0101-r308","zbd0101-r308","000D6F00032274CF","121","R308","0","0","53","Telegesis","41","USB Dongle","40","Zigbee","12","","1","Active","","","","","","","","22","Rush","1","Received","1","Received"
"7852","zbd0102-r308","zbd0102-r308","000D6F0003227D50","121","R308","0","0","53","Telegesis","41","USB Dongle","40","Zigbee","12","","1","Active","","","","","","","","22","Rush","1","Received","1","Received"
"7854","zbd0104-r308","zbd0104-r308","000D6F0003227D70","121","R308","0","0","53","Telegesis","41","USB Dongle","40","Zigbee","12","","1","Active","","","","","","","","","","4","Borrowed","1","Borrowed"
"7856","zbd0106-r308","zbd0106-r308","000D6F000322774D","121","R308","0","0","53","Telegesis","41","USB Dongle","40","Zigbee","12","","1","Active","","","","","","","","22","Rush","1","Received","1","Received"
"7857","zbd0107-r308","zbd0107-r308","000D6F000322787D","121","R308","0","0","53","Telegesis","41","USB Dongle","40","Zigbee","12","","1","Active","","","","","","","","22","Rush","1","Received","1","Received"
"7858","zbd0108-r308","zbd0108-r308","000D6F0003227750","121","R308","0","0","53","Telegesis","41","USB Dongle","40","Zigbee","12","","1","Active","","","","","","","","22","Rush","1","Received","1","Received"
"7885","zbd0135-r308","zbd0135-r308","000D6F00032275AA","121","R308","0","0","53","Telegesis","41","USB Dongle","40","Zigbee","12","","1","Active","","","","","","","","22","Rush","1","Received","1","Received"
"7896","zbd0007-r310","zbd0007-r310","0021ED00000901A6","122","R310(CICIE)","0","0","53","Telegesis","41","USB Dongle","40","Zigbee","12","","1","Active","","","","","","","","22","Rush","1","Received","1","Received"
"7915","zbd0026-r310","zbd0026-r310","0021ED00000901AC","122","R310(CICIE)","0","0","53","Telegesis","41","USB Dongle","40","Zigbee","12","","1","Active","","","","","","","","22","Rush","1","Received","1","Received"
"7921","zbd0032-r310","zbd0032-r310","0021ED00000901DE","122","R310(CICIE)","0","0","53","Telegesis","41","USB Dongle","40","Zigbee","12","","1","Active","","","","","","","","22","Rush","1","Received","1","Received"
"8587","ZBC0347","nyce-c-0347","000D6F000195985A","127","NCZ-3011","1","0","52","NYCE Controls","10","Activity Sensors","44","Zigbee / Contact","12","","1","Active","","","","","","","","22","Rush","1","Received","1","Received"
"10108","ZBW1045","nyce-w-1045","000D6F0004B0E5ED","120","NCZ-3041","1","0","52","NYCE Controls","10","Activity Sensors","39","Zigbee / Wall","12","","1","Active","","","","","","","","22","Rush","1","Received","1","Received"
"10126","ZBW1063","nyce-w-1063","000D6F0004B10E3A","120","NCZ-3041","1","0","52","NYCE Controls","10","Activity Sensors","39","Zigbee / Wall","12","","1","Active","","","","","","","","22","Rush","1","Received","1","Received"
"10161","ZBW1098","nyce-w-1098","000D6F0004B0E838","120","NCZ-3041","1","0","52","NYCE Controls","10","Activity Sensors","39","Zigbee / Wall","12","","1","Active","","","","","","","","22","Rush","1","Received","1","Received"
"10303","zbd0150-r310","zbd0150-r310","0021ED000009050F","122","R310(CICIE)","0","0","53","Telegesis","41","USB Dongle","40","Zigbee","12","","1","Active","","","","","","","","22","Rush","1","Received","1","Received"
"11130","ZBW1406","nyce-w-1406","000D6F000A8D74E5","120","NCZ-3041","1","0","52","NYCE Controls","10","Activity Sensors","39","Zigbee / Wall","12","","1","Active","","","","","","","","","","4","Borrowed","1","Borrowed"
"11131","ZBW1407","nyce-w-1407","000D6F000A8D74E7","120","NCZ-3041","1","0","52","NYCE Controls","10","Activity Sensors","39","Zigbee / Wall","12","","1","Active","","","","","","","","","","4","Borrowed","1","Borrowed"
"11132","ZBW1408","nyce-w-1408","000D6F000A8D74E8","120","NCZ-3041","1","0","52","NYCE Controls","10","Activity Sensors","39","Zigbee / Wall","12","","1","Active","","","","","","","","","","4","Borrowed","1","Borrowed"
"11138","ZBW1414","nyce-w-1414","000D6F000A8D7886","120","NCZ-3041","1","0","52","NYCE Controls","10","Activity Sensors","39","Zigbee / Wall","12","","1","Active","","","","","","","","22","Rush","1","Received","1","Received"
"11139","ZBW1415","nyce-w-1415","000D6F000A8D7887","120","NCZ-3041","1","0","52","NYCE Controls","10","Activity Sensors","39","Zigbee / Wall","12","","1","Active","","","","","","","","22","Rush","1","Received","1","Received"
"11186","ZBW1459","nyce-w-1459","000D6F0004D38D8D","120","NCZ-3041","1","0","52","NYCE Controls","10","Activity Sensors","39","Zigbee / Wall","12","","1","Active","","","","","","","","22","Rush","1","Received","1","Received"
"11190","ZBW1463","nyce-w-1463","000D6F0004D38ED6","120","NCZ-3041","1","0","52","NYCE Controls","10","Activity Sensors","39","Zigbee / Wall","12","","1","Active","","","","","","","","22","Rush","1","Received","1","Received"
"11193","ZBW1466","nyce-w-1466","000D6F0004D38DCB","120","NCZ-3041","1","0","52","NYCE Controls","10","Activity Sensors","39","Zigbee / Wall","12","","1","Active","","","","","","","","22","Rush","1","Received","1","Received"
"11199","ZBW1472","nyce-w-1472","000D6F0004D3816C","120","NCZ-3041","1","0","52","NYCE Controls","10","Activity Sensors","39","Zigbee / Wall","12","","1","Active","","","","","","","","22","Rush","1","Received","1","Received"
"11200","ZBW1473","nyce-w-1473","000D6F0004D38DCD","120","NCZ-3041","1","0","52","NYCE Controls","10","Activity Sensors","39","Zigbee / Wall","12","","1","Active","","","","","","","","22","Rush","1","Received","1","Received"
"11201","ZBW1474","nyce-w-1474","000D6F0004D38B6A","120","NCZ-3041","1","0","52","NYCE Controls","10","Activity Sensors","39","Zigbee / Wall","12","","1","Active","","","","","","","","22","Rush","1","Received","1","Received"
"11202","ZBW1475","nyce-w-1475","000D6F0004D38B3A","120","NCZ-3041","1","0","52","NYCE Controls","10","Activity Sensors","39","Zigbee / Wall","12","","1","Active","","","","","","","","22","Rush","1","Received","1","Received"
"11222","ZBW1495","nyce-w-1495","000D6F0004D37A7B","120","NCZ-3041","1","0","52","NYCE Controls","10","Activity Sensors","39","Zigbee / Wall","12","","1","Active","","","","","","","","22","Rush","1","Received","1","Received"
"11234","ZBW1507","nyce-w-1507","000D6F0004D399BA","120","NCZ-3041","1","0","52","NYCE Controls","10","Activity Sensors","39","Zigbee / Wall","12","","1","Active","1482","","2018-05-24 09:03:29","","","","","","","","","",""
"11235","ZBW1508","nyce-w-1508","000D6F0004D39526","120","NCZ-3041","1","0","52","NYCE Controls","10","Activity Sensors","39","Zigbee / Wall","12","","1","Active","","","","","","","","22","Rush","1","Received","1","Received"
"11236","ZBW1509","nyce-w-1509","000D6F0004D3923E","120","NCZ-3041","1","0","52","NYCE Controls","10","Activity Sensors","39","Zigbee / Wall","12","","1","Active","","","","","","","","22","Rush","1","Received","1","Received"
"11237","ZBW1510","nyce-w-1510","000D6F0004D394B6","120","NCZ-3041","1","0","52","NYCE Controls","10","Activity Sensors","39","Zigbee / Wall","12","","1","Active","","","","","","","","22","Rush","1","Received","1","Received"
"11238","ZBW1511","nyce-w-1511","000D6F0004D39516","120","NCZ-3041","1","0","52","NYCE Controls","10","Activity Sensors","39","Zigbee / Wall","12","","1","Active","","","","","","","","22","Rush","1","Received","1","Received"
"11239","ZBW1512","nyce-w-1512","000D6F0004D39351","120","NCZ-3041","1","0","52","NYCE Controls","10","Activity Sensors","39","Zigbee / Wall","12","","1","Active","","","","","","","","22","Rush","1","Received","1","Received"
"11240","ZBW1513","nyce-w-1513","000D6F0004D395E8","120","NCZ-3041","1","0","52","NYCE Controls","10","Activity Sensors","39","Zigbee / Wall","12","","1","Active","","","","","","","","22","Rush","1","Received","1","Received"
"11244","ZBW1517","nyce-w-1517","000D6F0004D39348","120","NCZ-3041","1","0","52","NYCE Controls","10","Activity Sensors","39","Zigbee / Wall","12","","1","Active","","","","","","","","22","Rush","1","Received","1","Received"
"11245","ZBW1518","nyce-w-1518","000D6F0004D3914A","120","NCZ-3041","1","0","52","NYCE Controls","10","Activity Sensors","39","Zigbee / Wall","12","","1","Active","","","","","","","","22","Rush","1","Received","1","Received"
"11246","ZBW1519","nyce-w-1519","000D6F0004D397E4","120","NCZ-3041","1","0","52","NYCE Controls","10","Activity Sensors","39","Zigbee / Wall","12","","1","Active","","","","","","","","22","Rush","1","Received","1","Received"
"11248","ZBW1521","nyce-w-1521","000D6F0004D39AAC","120","NCZ-3041","1","0","52","NYCE Controls","10","Activity Sensors","39","Zigbee / Wall","12","","1","Active","","","","","","","","22","Rush","1","Received","1","Received"
"11254","ZBW1527","nyce-w-1527","000D6F0004D392F3","120","NCZ-3041","1","0","52","NYCE Controls","10","Activity Sensors","39","Zigbee / Wall","12","","1","Active","","","","","","","","22","Rush","1","Received","1","Received"
"11255","ZBW1528","nyce-w-1528","000D6F0004D391E0","120","NCZ-3041","1","0","52","NYCE Controls","10","Activity Sensors","39","Zigbee / Wall","12","","1","Active","","","","","","","","22","Rush","1","Received","1","Received"
"11256","ZBW1529","nyce-w-1529","000D6F0004D3948B","120","NCZ-3041","1","0","52","NYCE Controls","10","Activity Sensors","39","Zigbee / Wall","12","","1","Active","","","","","","","","22","Rush","1","Received","1","Received"
"11257","ZBW1530","nyce-w-1530","000D6F0004B72BE3","120","NCZ-3041","1","0","52","NYCE Controls","10","Activity Sensors","39","Zigbee / Wall","12","","1","Active","","","","","","","","22","Rush","1","Received","1","Received"
"11258","ZBW1531","nyce-w-1531","000D6F0004B723B6","120","NCZ-3041","1","0","52","NYCE Controls","10","Activity Sensors","39","Zigbee / Wall","12","","1","Active","","","","","","","","22","Rush","1","Received","1","Received"
"11259","ZBW1532","nyce-w-1532","000D6F0004B72E69","120","NCZ-3041","1","0","52","NYCE Controls","10","Activity Sensors","39","Zigbee / Wall","12","","1","Active","","","","","","","","22","Rush","1","Received","1","Received"
"11260","ZBW1533","nyce-w-1533","000D6F0004B72D1A","120","NCZ-3041","1","0","52","NYCE Controls","10","Activity Sensors","39","Zigbee / Wall","12","","1","Active","","","","","","","","22","Rush","1","Received","1","Received"
"11273","ZBW1542","nyce-w-1542","000D6F0004D37A91","120","NCZ-3041","1","0","52","NYCE Controls","10","Activity Sensors","39","Zigbee / Wall","12","","1","Active","","","","","","","","","","4","Borrowed","1","Borrowed"
"11275","ZBW1544","nyce-w-1544","000D6F0004D37AC8","120","NCZ-3041","1","0","52","NYCE Controls","10","Activity Sensors","39","Zigbee / Wall","12","","1","Active","","","","","","","","22","Rush","1","Received","1","Received"
"11276","ZBW1545","nyce-w-1545","000D6F0004D37BF1","120","NCZ-3041","1","0","52","NYCE Controls","10","Activity Sensors","39","Zigbee / Wall","12","","1","Active","","","","","","","","22","Rush","1","Received","1","Received"
"11277","ZBW1546","nyce-w-1546","000D6F0004D37B4A","120","NCZ-3041","1","0","52","NYCE Controls","10","Activity Sensors","39","Zigbee / Wall","12","","1","Active","","","","","","","","22","Rush","1","Received","1","Received"
"11281","ZBW1550","nyce-w-1550","000D6F0004D37ECB","120","NCZ-3041","1","0","52","NYCE Controls","10","Activity Sensors","39","Zigbee / Wall","12","","1","Active","","","","","","","","","","4","Borrowed","1","Borrowed"
"11282","ZBW1551","nyce-w-1551","000D6F0004D37E29","120","NCZ-3041","1","0","52","NYCE Controls","10","Activity Sensors","39","Zigbee / Wall","12","","1","Active","","","","","","","","22","Rush","1","Received","1","Received"
"11283","ZBW1552","nyce-w-1552","000D6F0004D37F6F","120","NCZ-3041","1","0","52","NYCE Controls","10","Activity Sensors","39","Zigbee / Wall","12","","1","Active","","","","","","","","","","4","Borrowed","1","Borrowed"
"11284","ZBW1553","nyce-w-1553","000D6F0004D38131","120","NCZ-3041","1","0","52","NYCE Controls","10","Activity Sensors","39","Zigbee / Wall","12","","1","Active","","","","","","","","","","4","Borrowed","1","Borrowed"
"11285","ZBW1554","nyce-w-1554","000D6F0004D38322","120","NCZ-3041","1","0","52","NYCE Controls","10","Activity Sensors","39","Zigbee / Wall","12","","1","Active","","","","","","","","22","Rush","1","Received","1","Received"
"11286","ZBW1555","nyce-w-1555","000D6F0004D38329","120","NCZ-3041","1","0","52","NYCE Controls","10","Activity Sensors","39","Zigbee / Wall","12","","1","Active","","","","","","","","22","Rush","1","Received","1","Received"
"11287","ZBW1556","nyce-w-1556","000D6F0004D38366","120","NCZ-3041","1","0","52","NYCE Controls","10","Activity Sensors","39","Zigbee / Wall","12","","1","Active","","","","","","","","22","Rush","1","Received","1","Received"
"11288","ZBW1557","nyce-w-1557","000D6F0004D38388","120","NCZ-3041","1","0","52","NYCE Controls","10","Activity Sensors","39","Zigbee / Wall","12","","1","Active","","","","","","","","22","Rush","1","Received","1","Received"
"11294","ZBW1563","nyce-w-1563","000D6F0004D38A78","120","NCZ-3041","1","0","52","NYCE Controls","10","Activity Sensors","39","Zigbee / Wall","12","","1","Active","","","","","","","","22","Rush","1","Received","1","Received"
"11295","ZBW1564","nyce-w-1564","000D6F0004D38A7F","120","NCZ-3041","1","0","52","NYCE Controls","10","Activity Sensors","39","Zigbee / Wall","12","","1","Active","","","","","","","","22","Rush","1","Received","1","Received"
"11296","ZBW1565","nyce-w-1565","000D6F0004D38AD5","120","NCZ-3041","1","0","52","NYCE Controls","10","Activity Sensors","39","Zigbee / Wall","12","","1","Active","","","","","","","","22","Rush","1","Received","1","Received"
"11297","ZBW1566","nyce-w-1566","000D6F0004D38B2B","120","NCZ-3041","1","0","52","NYCE Controls","10","Activity Sensors","39","Zigbee / Wall","12","","1","Active","","","","","","","","22","Rush","1","Received","1","Received"
"11298","ZBW1567","nyce-w-1567","000D6F0004D38B30","120","NCZ-3041","1","0","52","NYCE Controls","10","Activity Sensors","39","Zigbee / Wall","12","","1","Active","","","","","","","","22","Rush","1","Received","1","Received"
"11300","ZBW1569","nyce-w-1569","000D6F0004D38B3E","120","NCZ-3041","1","0","52","NYCE Controls","10","Activity Sensors","39","Zigbee / Wall","12","","1","Active","","","","","","","","22","Rush","1","Received","1","Received"
"11302","ZBW1571","nyce-w-1571","000D6F0004D38B86","120","NCZ-3041","1","0","52","NYCE Controls","10","Activity Sensors","39","Zigbee / Wall","12","","1","Active","","","","","","","","22","Rush","1","Received","1","Received"
"11308","ZBW1577","nyce-w-1577","000D6F0004D38C4C","120","NCZ-3041","1","0","52","NYCE Controls","10","Activity Sensors","39","Zigbee / Wall","12","","1","Active","","","","","","","","22","Rush","1","Received","1","Received"
"11309","ZBW1578","nyce-w-1578","000D6F0004D38C59","120","NCZ-3041","1","0","52","NYCE Controls","10","Activity Sensors","39","Zigbee / Wall","12","","1","Active","","","","","","","","22","Rush","1","Received","1","Received"
"11310","ZBW1579","nyce-w-1579","000D6F0004D38C99","120","NCZ-3041","1","0","52","NYCE Controls","10","Activity Sensors","39","Zigbee / Wall","12","","1","Active","","","","","","","","22","Rush","1","Received","1","Received"
"11311","ZBW1580","nyce-w-1580","000D6F0004D38C9C","120","NCZ-3041","1","0","52","NYCE Controls","10","Activity Sensors","39","Zigbee / Wall","12","","1","Active","","","","","","","","22","Rush","1","Received","1","Received"
"11312","ZBW1581","nyce-w-1581","000D6F0004D38CB7","120","NCZ-3041","1","0","52","NYCE Controls","10","Activity Sensors","39","Zigbee / Wall","12","","1","Active","","","","","","","","22","Rush","1","Received","1","Received"
"11313","ZBW1582","nyce-w-1582","000D6F0004D38D8C","120","NCZ-3041","1","0","52","NYCE Controls","10","Activity Sensors","39","Zigbee / Wall","12","","1","Active","","","","","","","","22","Rush","1","Received","1","Received"
"11314","ZBW1583","nyce-w-1583","000D6F0004D38D8F","120","NCZ-3041","1","0","52","NYCE Controls","10","Activity Sensors","39","Zigbee / Wall","12","","1","Active","","","","","","","","22","Rush","1","Received","1","Received"
"11316","ZBW1585","nyce-w-1585","000D6F0004D38DD0","120","NCZ-3041","1","0","52","NYCE Controls","10","Activity Sensors","39","Zigbee / Wall","12","","1","Active","","","","","","","","22","Rush","1","Received","1","Received"
"11318","ZBW1587","nyce-w-1587","000D6F0004D38E05","120","NCZ-3041","1","0","52","NYCE Controls","10","Activity Sensors","39","Zigbee / Wall","12","","1","Active","","","","","","","","22","Rush","1","Received","1","Received"
"11319","ZBW1588","nyce-w-1588","000D6F0004D38E0D","120","NCZ-3041","1","0","52","NYCE Controls","10","Activity Sensors","39","Zigbee / Wall","12","","1","Active","","","","","","","","22","Rush","1","Received","1","Received"
"11323","ZBW1592","nyce-w-1592","000D6F0004D38EA1","120","NCZ-3041","1","0","52","NYCE Controls","10","Activity Sensors","39","Zigbee / Wall","12","","1","Active","","","","","","","","22","Rush","1","Received","1","Received"
"11324","ZBW1593","nyce-w-1593","000D6F0004D38F67","120","NCZ-3041","1","0","52","NYCE Controls","10","Activity Sensors","39","Zigbee / Wall","12","","1","Active","","","","","","","","22","Rush","1","Received","1","Received"
"11326","ZBW1595","nyce-w-1595","000D6F0004D38FE2","120","NCZ-3041","1","0","52","NYCE Controls","10","Activity Sensors","39","Zigbee / Wall","12","","1","Active","","","","","","","","22","Rush","1","Received","1","Received"
"11327","ZBW1596","nyce-w-1596","000D6F0004D389F5","120","NCZ-3041","1","0","52","NYCE Controls","10","Activity Sensors","39","Zigbee / Wall","12","","1","Active","","","","","","","","22","Rush","1","Received","1","Received"
"11328","ZBW1597","nyce-w-1597","000D6F0004D39042","120","NCZ-3041","1","0","52","NYCE Controls","10","Activity Sensors","39","Zigbee / Wall","12","","1","Active","","","","","","","","22","Rush","1","Received","1","Received"
"11329","ZBW1598","nyce-w-1598","000D6F0004D390D5","120","NCZ-3041","1","0","52","NYCE Controls","10","Activity Sensors","39","Zigbee / Wall","12","","1","Active","","","","","","","","22","Rush","1","Received","1","Received"
"11331","ZBW1600","nyce-w-1600","000D6F0004D39162","120","NCZ-3041","1","0","52","NYCE Controls","10","Activity Sensors","39","Zigbee / Wall","12","","1","Active","","","","","","","","22","Rush","1","Received","1","Received"
"11332","ZBW1601","nyce-w-1601","000D6F0004D39183","120","NCZ-3041","1","0","52","NYCE Controls","10","Activity Sensors","39","Zigbee / Wall","12","","1","Active","","","","","","","","22","Rush","1","Received","1","Received"
"11333","ZBW1602","nyce-w-1602","000D6F0004D391C9","120","NCZ-3041","1","0","52","NYCE Controls","10","Activity Sensors","39","Zigbee / Wall","12","","1","Active","","","","","","","","22","Rush","1","Received","1","Received"
"11337","ZBW1606","nyce-w-1606","000D6F0004D394CE","120","NCZ-3041","1","0","52","NYCE Controls","10","Activity Sensors","39","Zigbee / Wall","12","","1","Active","","","","","","","","22","Rush","1","Received","1","Received"
"11338","ZBW1607","nyce-w-1607","000D6F0004D394EE","120","NCZ-3041","1","0","52","NYCE Controls","10","Activity Sensors","39","Zigbee / Wall","12","","1","Active","","","","","","","","22","Rush","1","Received","1","Received"
"11339","ZBW1608","nyce-w-1608","000D6F0004D39718","120","NCZ-3041","1","0","52","NYCE Controls","10","Activity Sensors","39","Zigbee / Wall","12","","1","Active","","","","","","","","22","Rush","1","Received","1","Received"
"11340","ZBW1609","nyce-w-1609","000D6F0004D3971C","120","NCZ-3041","1","0","52","NYCE Controls","10","Activity Sensors","39","Zigbee / Wall","12","","1","Active","","","","","","","","22","Rush","1","Received","1","Received"
"11345","ZBW1614","nyce-w-1614","000D6F0004D39AD1","120","NCZ-3041","1","0","52","NYCE Controls","10","Activity Sensors","39","Zigbee / Wall","12","","1","Active","","","","","","","","22","Rush","1","Received","1","Received"
"11347","ZBW1616","nyce-w-1616","000D6F0004D39C15","120","NCZ-3041","1","0","52","NYCE Controls","10","Activity Sensors","39","Zigbee / Wall","12","","1","Active","","","","","","","","22","Rush","1","Received","1","Received"
"11414","ZBL0659","nyce-sl-0659","000D6F0004B72520","131","NCZ-3045","1","0","52","NYCE Controls","10","Activity Sensors","45","Zigbee / Sensor Line","12","","1","Active","","","","","","","","22","Rush","1","Received","1","Received"
"11421","ZBL0666","nyce-sl-0666","000D6F0004B71396","131","NCZ-3045","1","0","52","NYCE Controls","10","Activity Sensors","45","Zigbee / Sensor Line","12","","1","Active","","","","","","","","22","Rush","1","Received","1","Received"
"11453","ZBSL0695","nyce-sl-0695","000D6F0004D286B8","131","NCZ-3045","1","0","52","NYCE Controls","10","Activity Sensors","45","Zigbee / Sensor Line","12","","1","Active","","","","","","","","22","Rush","1","Received","1","Received"
"11547","ZBSL0790","nyce-sl-0790","000D6F0004B72AC5","131","NCZ-3045","1","0","52","NYCE Controls","10","Activity Sensors","45","Zigbee / Sensor Line","12","","1","Active","","","","","","","","22","Rush","1","Received","1","Received"
"11570","ZBW1624","nyce-w-1624","000D6F0004D38F98","120","NCZ-3041","1","0","52","NYCE Controls","10","Activity Sensors","39","Zigbee / Wall","12","","1","Active","","","","","","","","22","Rush","1","Received","1","Received"
"11594","ZBW1653","nyce-w-1653","000D6F0004D38D41","120","NCZ-3041","1","0","52","NYCE Controls","10","Activity Sensors","39","Zigbee / Wall","12","","1","Active","","","","","","","","22","Rush","1","Received","1","Received"
"11612","ZBW1701","nyce-w-1701","000D6F0004D38C60","120","NCZ-3041","1","0","52","NYCE Controls","10","Activity Sensors","39","Zigbee / Wall","12","","1","Active","","","","","","","","22","Rush","1","Received","1","Received"
"11614","ZBW1703","nyce-w-1703","000D6F0004D39204","120","NCZ-3041","1","0","52","NYCE Controls","10","Activity Sensors","39","Zigbee / Wall","12","","1","Active","","","","","","","","22","Rush","1","Received","1","Received"
"12880","00:24:E4:4C:93:16","WS149","00:24:E4:4C:93:16","168","Cardio","0","0","51","Withings","40","Scale","58","Cardio","12","","1","Active","","","","","","","","22","Rush","1","Received","1","Received"
"13009","00:24:E4:49:E0:A3","activite-096","00:24:E4:49:E0:A3","169","Activite","1","1","51","Withings","42","Watch","41","Activity","12","","1","Active","","1694","","","","","","22","Rush","1","Received","2","Assigned"
"13022","ZBC1035","nyce-1035","000D6F000D6A61C7","127","NCZ-3011","1","0","52","NYCE Controls","10","Activity Sensors","44","Zigbee / Contact","12","","1","Active","","","","","","","","22","Rush","1","Received","1","Received"
"13029","ZBC1042","nyce-1042","000D6F000D6A25E6","127","NCZ-3011","1","0","52","NYCE Controls","10","Activity Sensors","44","Zigbee / Contact","12","","1","Active","","","","","","","","22","Rush","1","Received","1","Received"
"13033","ZBC1046","nyce-1046","000D6F000D6A2FBE","127","NCZ-3011","1","0","52","NYCE Controls","10","Activity Sensors","44","Zigbee / Contact","12","","1","Active","","","","","","","","22","Rush","1","Received","1","Received"
"13034","ZBC1047","nyce-1047","000D6F000D6A1771","127","NCZ-3011","1","0","52","NYCE Controls","10","Activity Sensors","44","Zigbee / Contact","12","","1","Active","","","","","","","","22","Rush","1","Received","1","Received"
"13042","ZBC1055","nyce-c-1055","000D6F000D6970C9","127","NCZ-3011","1","0","52","NYCE Controls","10","Activity Sensors","44","Zigbee / Contact","12","","1","Active","","","","","","","","22","Rush","1","Received","1","Received"
"13050","ZBC1063","nyce-c-1063","000D6F000D6A6197","127","NCZ-3011","1","0","52","NYCE Controls","10","Activity Sensors","44","Zigbee / Contact","12","","1","Active","","","","","","","","22","Rush","1","Received","1","Received"
"13067","ZBC1080","nyce-c-1080","000D6F000D6A11AB","127","NCZ-3011","1","0","52","NYCE Controls","10","Activity Sensors","44","Zigbee / Contact","12","","1","Active","","","","","","","","22","Rush","1","Received","1","Received"
"13068","ZBC1081","nyce-c-1081","000D6F000D6A28D3","127","NCZ-3011","1","0","52","NYCE Controls","10","Activity Sensors","44","Zigbee / Contact","12","","1","Active","","","","","","","","22","Rush","1","Received","1","Received"
"13069","ZBC1082","nyce-c-1082","000D6F000D6A1670","127","NCZ-3011","1","0","52","NYCE Controls","10","Activity Sensors","44","Zigbee / Contact","12","","1","Active","","","","","","","","22","Rush","1","Received","1","Received"
"13070","ZBC1083","nyce-c-1083","000D6F000D6A2564","127","NCZ-3011","1","0","52","NYCE Controls","10","Activity Sensors","44","Zigbee / Contact","12","","1","Active","","","","","","","","22","Rush","1","Received","1","Received"
"13071","ZBC1084","nyce-c-1084","000D6F000D6A1516","127","NCZ-3011","1","0","52","NYCE Controls","10","Activity Sensors","44","Zigbee / Contact","12","","1","Active","1426","","2018-06-07 07:13:11","","","","","22","Rush","1","Received","2","Assigned"
"13073","ZBC1086","nyce-c-1086","000D6F000D696E03","127","NCZ-3011","1","0","52","NYCE Controls","10","Activity Sensors","44","Zigbee / Contact","12","","1","Active","","","","","","","","22","Rush","1","Received","1","Received"
"13074","ZBC1087","nyce-c-1087","000D6F000D6A1425","127","NCZ-3011","1","0","52","NYCE Controls","10","Activity Sensors","44","Zigbee / Contact","12","","1","Active","","","","","","","","22","Rush","1","Received","1","Received"
"13075","ZBC1088","nyce-c-1088","000D6F000D696BA7","127","NCZ-3011","1","0","52","NYCE Controls","10","Activity Sensors","44","Zigbee / Contact","12","","1","Active","","","","","","","","22","Rush","1","Received","1","Received"
"13287","ZBC1300","nyce-c-1300","000D6F000D55BE57","127","NCZ-3011","1","0","52","NYCE Controls","10","Activity Sensors","44","Zigbee / Contact","12","","1","Active","","","","","","","","22","Rush","1","Received","1","Received"
"13288","ZBC1301","nyce-c-1301","000D6F000D54CECF","127","NCZ-3011","1","0","52","NYCE Controls","10","Activity Sensors","44","Zigbee / Contact","12","","1","Active","","","","","","","","22","Rush","1","Received","1","Received"
"13305","ZBC1318","nyce-c-1318","000D6F000D6A2293","127","NCZ-3011","1","0","52","NYCE Controls","10","Activity Sensors","44","Zigbee / Contact","12","","1","Active","","","","","","","","22","Rush","1","Received","1","Received"
"13309","ZBC1322","nyce-c-1322","000D6F000D697072","127","NCZ-3011","1","0","52","NYCE Controls","10","Activity Sensors","44","Zigbee / Contact","12","","1","Active","","","","","","","","22","Rush","1","Received","1","Received"
"13311","ZBC1324","nyce-c-1324","000D6F000D6A18F8","127","NCZ-3011","1","0","52","NYCE Controls","10","Activity Sensors","44","Zigbee / Contact","12","","1","Active","","","","","","","","22","Rush","1","Received","1","Received"
"13313","ZBC1326","nyce-c-1326","000D6F000D557856","127","NCZ-3011","1","0","52","NYCE Controls","10","Activity Sensors","44","Zigbee / Contact","12","","1","Active","","","","","","","","22","Rush","1","Received","1","Received"
"13393","ZBC1406","nyce-c-1406","000D6F000D6A11AD","127","NCZ-3011","1","0","52","NYCE Controls","10","Activity Sensors","44","Zigbee / Contact","12","","1","Active","","","","","","","","22","Rush","1","Received","1","Received"
"13651","ZBSL1037","nyce-sl-1037","000D6F000D6A1DF9","131","NCZ-3045","1","0","52","NYCE Controls","10","Activity Sensors","45","Zigbee / Sensor Line","12","","1","Active","","","","","","","","22","Rush","1","Received","1","Received"
"13652","ZBSL1038","nyce-sl-1038","000D6F000D695EC1","131","NCZ-3045","1","0","52","NYCE Controls","10","Activity Sensors","45","Zigbee / Sensor Line","12","","1","Active","","","","","","","","22","Rush","1","Received","1","Received"
"13653","ZBSL1039","nyce-sl-1039","000D6F000D692814","131","NCZ-3045","1","0","52","NYCE Controls","10","Activity Sensors","45","Zigbee / Sensor Line","12","","1","Active","1426","","2018-06-07 07:14:06","","","","","22","Rush","1","Received","2","Assigned"
"13654","ZBSL1040","nyce-sl-1040","000D6F000D69621C","131","NCZ-3045","1","0","52","NYCE Controls","10","Activity Sensors","45","Zigbee / Sensor Line","12","","1","Active","","","","","","","","22","Rush","1","Received","1","Received"
"13665","ZBSL1051","nyce-sl-1051","000D6F000D69718B","131","NCZ-3045","1","0","52","NYCE Controls","10","Activity Sensors","45","Zigbee / Sensor Line","12","","1","Active","1426","","2018-06-18 13:52:54","","","","","22","Rush","1","Received","2","Assigned"
"13666","ZBSL1052","nyce-sl-1052","000D6F000D6986D4","131","NCZ-3045","1","0","52","NYCE Controls","10","Activity Sensors","45","Zigbee / Sensor Line","12","","1","Active","1426","","2018-06-07 07:14:47","","","","","22","Rush","1","Received","2","Assigned"
"13667","ZBSL1053","nyce-sl-1053","000D6F000D69681F","131","NCZ-3045","1","0","52","NYCE Controls","10","Activity Sensors","45","Zigbee / Sensor Line","12","","1","Active","1426","","2018-06-07 07:16:23","","","","","22","Rush","1","Received","2","Assigned"
"13668","ZBSL1054","nyce-sl-1054","000D6F000D696057","131","NCZ-3045","1","0","52","NYCE Controls","10","Activity Sensors","45","Zigbee / Sensor Line","12","","1","Active","1426","","2018-06-07 07:16:54","","","","","22","Rush","1","Received","2","Assigned"
"13669","ZBSL1055","nyce-sl-1055","000D6F000D6A1DBD","131","NCZ-3045","1","0","52","NYCE Controls","10","Activity Sensors","45","Zigbee / Sensor Line","12","","1","Active","","","","","","","","22","Rush","1","Received","1","Received"
"13670","ZBSL1056","nyce-sl-1056","000D6F000D6931C5","131","NCZ-3045","1","0","52","NYCE Controls","10","Activity Sensors","45","Zigbee / Sensor Line","12","","1","Active","","","","","","","","22","Rush","1","Received","1","Received"
"13671","ZBSL1057","nyce-sl-1057","000D6F000D6968C2","131","NCZ-3045","1","0","52","NYCE Controls","10","Activity Sensors","45","Zigbee / Sensor Line","12","","1","Active","","","","","","","","22","Rush","1","Received","1","Received"
"13672","ZBSL1058","nyce-sl-1058","000D6F000D6A1749","131","NCZ-3045","1","0","52","NYCE Controls","10","Activity Sensors","45","Zigbee / Sensor Line","12","","1","Active","","","","","","","","22","Rush","1","Received","1","Received"
"13673","ZBSL1059","nyce-sl-1059","000D6F000D6943A3","131","NCZ-3045","1","0","52","NYCE Controls","10","Activity Sensors","45","Zigbee / Sensor Line","12","","1","Active","","","","","","","","22","Rush","1","Received","1","Received"
"13674","ZBSL1060","nyce-sl-1060","000D6F000D69706C","131","NCZ-3045","1","0","52","NYCE Controls","10","Activity Sensors","45","Zigbee / Sensor Line","12","","1","Active","","","","","","","","22","Rush","1","Received","1","Received"
"13675","ZBSL1061","nyce-sl-1061","000D6F000D6A0CAD","131","NCZ-3045","1","0","52","NYCE Controls","10","Activity Sensors","45","Zigbee / Sensor Line","12","","1","Active","","","","","","","","22","Rush","1","Received","1","Received"
"13676","ZBSL1062","nyce-sl-1062","000D6F000D695754","131","NCZ-3045","1","0","52","NYCE Controls","10","Activity Sensors","45","Zigbee / Sensor Line","12","","1","Active","","","","","","","","22","Rush","1","Received","1","Received"
"13677","ZBSL1063","nyce-sl-1063","000D6F000D693C73","131","NCZ-3045","1","0","52","NYCE Controls","10","Activity Sensors","45","Zigbee / Sensor Line","12","","1","Active","","","","","","","","22","Rush","1","Received","1","Received"
"13678","ZBSL1064","nyce-sl-1064","000D6F000D6981D9","131","NCZ-3045","1","0","52","NYCE Controls","10","Activity Sensors","45","Zigbee / Sensor Line","12","","1","Active","","","","","","","","22","Rush","1","Received","1","Received"
"13679","ZBSL1065","nyce-sl-1065","000D6F000D695C0D","131","NCZ-3045","1","0","52","NYCE Controls","10","Activity Sensors","45","Zigbee / Sensor Line","12","","1","Active","","","","","","","","22","Rush","1","Received","1","Received"
"13680","ZBSL1066","nyce-sl-1066","000D6F000D6A2294","131","NCZ-3045","1","0","52","NYCE Controls","10","Activity Sensors","45","Zigbee / Sensor Line","12","","1","Active","","","","","","","","22","Rush","1","Received","1","Received"
"13681","ZBSL1067","nyce-sl-1067","000D6F000D6A137D","131","NCZ-3045","1","0","52","NYCE Controls","10","Activity Sensors","45","Zigbee / Sensor Line","12","","1","Active","","","","","","","","22","Rush","1","Received","1","Received"
"13682","ZBSL1068","nyce-sl-1068","000D6F000D696B80","131","NCZ-3045","1","0","52","NYCE Controls","10","Activity Sensors","45","Zigbee / Sensor Line","12","","1","Active","","","","","","","","22","Rush","1","Received","1","Received"
"13683","ZBSL1069","nyce-sl-1069","000D6F000D6A1C6A","131","NCZ-3045","1","0","52","NYCE Controls","10","Activity Sensors","45","Zigbee / Sensor Line","12","","1","Active","","","","","","","","22","Rush","1","Received","1","Received"
"13684","ZBSL1070","nyce-sl-1070","000D6F000D6A29CE","131","NCZ-3045","1","0","52","NYCE Controls","10","Activity Sensors","45","Zigbee / Sensor Line","12","","1","Active","","","","","","","","22","Rush","1","Received","1","Received"
"13685","ZBSL1071","nyce-sl-1071","000D6F000D6A2778","131","NCZ-3045","1","0","52","NYCE Controls","10","Activity Sensors","45","Zigbee / Sensor Line","12","","1","Active","","","","","","","","22","Rush","1","Received","1","Received"
"13686","ZBSL1072","nyce-sl-1072","000D6F000D69821B","131","NCZ-3045","1","0","52","NYCE Controls","10","Activity Sensors","45","Zigbee / Sensor Line","12","","1","Active","","","","","","","","22","Rush","1","Received","1","Received"
"13687","ZBSL1073","nyce-sl-1073","000D6F000D696C47","131","NCZ-3045","1","0","52","NYCE Controls","10","Activity Sensors","45","Zigbee / Sensor Line","12","","1","Active","","","","","","","","22","Rush","1","Received","1","Received"
"13688","ZBSL1074","nyce-sl-1074","000D6F000D6A2EA1","131","NCZ-3045","1","0","52","NYCE Controls","10","Activity Sensors","45","Zigbee / Sensor Line","12","","1","Active","","","","","","","","22","Rush","1","Received","1","Received"
"13689","ZBSL1075","nyce-sl-1075","000D6F000D6968D9","131","NCZ-3045","1","0","52","NYCE Controls","10","Activity Sensors","45","Zigbee / Sensor Line","12","","1","Active","","","","","","","","22","Rush","1","Received","1","Received"
"13690","ZBSL1076","nyce-sl-1076","000D6F000D6926FE","131","NCZ-3045","1","0","52","NYCE Controls","10","Activity Sensors","45","Zigbee / Sensor Line","12","","1","Active","","","","","","","","22","Rush","1","Received","1","Received"
"13691","ZBSL1077","nyce-sl-1077","000D6F000D693ACD","131","NCZ-3045","1","0","52","NYCE Controls","10","Activity Sensors","45","Zigbee / Sensor Line","12","","1","Active","","","","","","","","22","Rush","1","Received","1","Received"
"13692","ZBSL1078","nyce-sl-1078","000D6F000D69609E","131","NCZ-3045","1","0","52","NYCE Controls","10","Activity Sensors","45","Zigbee / Sensor Line","12","","1","Active","","","","","","","","22","Rush","1","Received","1","Received"
"13693","ZBSL1079","nyce-sl-1079","000D6F000D696F7F","131","NCZ-3045","1","0","52","NYCE Controls","10","Activity Sensors","45","Zigbee / Sensor Line","12","","1","Active","","","","","","","","22","Rush","1","Received","1","Received"
"13694","ZBSL1080","nyce-sl-1080","000D6F000D69234E","131","NCZ-3045","1","0","52","NYCE Controls","10","Activity Sensors","45","Zigbee / Sensor Line","12","","1","Active","","","","","","","","22","Rush","1","Received","1","Received"
"13698","ZBSL1084","nyce-sl-1084","000D6F000D696626","131","NCZ-3045","1","0","52","NYCE Controls","10","Activity Sensors","45","Zigbee / Sensor Line","12","","1","Active","","","","","","","","22","Rush","1","Received","1","Received"
"13699","ZBSL1085","nyce-sl-1085","000D6F000D6A2604","131","NCZ-3045","1","0","52","NYCE Controls","10","Activity Sensors","45","Zigbee / Sensor Line","12","","1","Active","","","","","","","","22","Rush","1","Received","1","Received"
"13700","ZBSL1086","nyce-sl-1086","000D6F000D692C0F","131","NCZ-3045","1","0","52","NYCE Controls","10","Activity Sensors","45","Zigbee / Sensor Line","12","","1","Active","","","","","","","","22","Rush","1","Received","1","Received"
"13701","ZBSL1087","nyce-sl-1087","000D6F000D6A3170","131","NCZ-3045","1","0","52","NYCE Controls","10","Activity Sensors","45","Zigbee / Sensor Line","12","","1","Active","","","","","","","","22","Rush","1","Received","1","Received"
"13702","ZBSL1088","nyce-sl-1088","000D6F000D696656","131","NCZ-3045","1","0","52","NYCE Controls","10","Activity Sensors","45","Zigbee / Sensor Line","12","","1","Active","","","","","","","","22","Rush","1","Received","1","Received"
"13703","ZBSL1089","nyce-sl-1089","000D6F000D6A1E9A","131","NCZ-3045","1","0","52","NYCE Controls","10","Activity Sensors","45","Zigbee / Sensor Line","12","","1","Active","","","","","","","","22","Rush","1","Received","1","Received"
"14144","FY6-AW5","AutomaticPro-004","C3CATE0300579","165","AutomaticPro","0","1","60","Automatic Labs","48","Vehicle OBD adapter","53","Automatic","12","","1","Active","","","","","","","","22","Rush","1","Received","1","Received"
"14145","PT2-P4W","AutomaticPro-005","C3CATD100156","165","AutomaticPro","0","1","60","Automatic Labs","48","Vehicle OBD adapter","53","Automatic","12","","1","Active","","","","","","","","22","Rush","1","Received","1","Received"
"14147","4PM-2PW","AutomaticPro-007","C3CATD4900507","165","AutomaticPro","0","1","60","Automatic Labs","48","Vehicle OBD adapter","53","Automatic","12","","1","Active","","","","","","","","22","Rush","1","Received","1","Received"
"14328","KP7-XJ4","AutomaticPro-013","C3CATE0500160","165","AutomaticPro","0","1","60","Automatic Labs","48","Vehicle OBD adapter","53","Automatic","12","","1","Active","","","","","","","","22","Rush","1","Received","1","Received"
"15401","ZBW2792","nyce-w-2792","000D6F000EAF1860","120","NCZ-3041","1","0","52","NYCE Controls","10","Activity Sensors","39","Zigbee / Wall","12","","1","Active","","","","","","","","22","Rush","1","Received","1","Received"
"15402","ZBW2793","nyce-w-2793","000D6F000EB0A36F","120","NCZ-3041","1","0","52","NYCE Controls","10","Activity Sensors","39","Zigbee / Wall","12","","1","Active","1426","","2018-06-07 07:10:28","","","","","22","Rush","1","Received","2","Assigned"
"15407","ZBW2798","nyce-w-2798","000D6F000EAF165B","120","NCZ-3041","1","0","52","NYCE Controls","10","Activity Sensors","39","Zigbee / Wall","12","","1","Active","","","","","","","","22","Rush","1","Received","1","Received"
"15409","ZBW2800","nyce-w-2800","000D6F000EB08BE2","120","NCZ-3041","1","0","52","NYCE Controls","10","Activity Sensors","39","Zigbee / Wall","12","","1","Active","","","","","","","","22","Rush","1","Received","1","Received"
"15410","ZBW2801","nyce-w-2801","000D6F000EAF23FE","120","NCZ-3041","1","0","52","NYCE Controls","10","Activity Sensors","39","Zigbee / Wall","12","","1","Active","","","","","","","","22","Rush","1","Received","1","Received"
"15412","ZBW2803","nyce-w-2803","000D6F000EB09A56","120","NCZ-3041","1","0","52","NYCE Controls","10","Activity Sensors","39","Zigbee / Wall","12","","1","Active","","","","","","","","22","Rush","1","Received","1","Received"
"15414","ZBW2805","nyce-w-2805","000D6F000EB0933E","120","NCZ-3041","1","0","52","NYCE Controls","10","Activity Sensors","39","Zigbee / Wall","12","","1","Active","","","","","","","","22","Rush","1","Received","1","Received"
"15415","ZBW2806","nyce-w-2806","000D6F000EAF30A4","120","NCZ-3041","1","0","52","NYCE Controls","10","Activity Sensors","39","Zigbee / Wall","12","","1","Active","","","","","","","","22","Rush","1","Received","1","Received"
"15416","ZBW2807","nyce-w-2807","000D6F000EAF592B","120","NCZ-3041","1","0","52","NYCE Controls","10","Activity Sensors","39","Zigbee / Wall","12","","1","Active","","","","","","","","22","Rush","1","Received","1","Received"
"15417","ZBW2808","nyce-w-2808","000D6F000EAF1271","120","NCZ-3041","1","0","52","NYCE Controls","10","Activity Sensors","39","Zigbee / Wall","12","","1","Active","","","","","","","","22","Rush","1","Received","1","Received"
"15418","ZBW2809","nyce-w-2809","000D6F000EB087B1","120","NCZ-3041","1","0","52","NYCE Controls","10","Activity Sensors","39","Zigbee / Wall","12","","1","Active","","","","","","","","22","Rush","1","Received","1","Received"
"15420","ZBW2811","nyce-w-2811","000D6F000EB0BD78","120","NCZ-3041","1","0","52","NYCE Controls","10","Activity Sensors","39","Zigbee / Wall","12","","1","Active","","","","","","","","22","Rush","1","Received","1","Received"
"15422","ZBW2813","nyce-w-2813","000D6F000EB08CDB","120","NCZ-3041","1","0","52","NYCE Controls","10","Activity Sensors","39","Zigbee / Wall","12","","1","Active","","","","","","","","22","Rush","1","Received","1","Received"
"15423","ZBW2814","nyce-w-2814","000D6F000EB099C1","120","NCZ-3041","1","0","52","NYCE Controls","10","Activity Sensors","39","Zigbee / Wall","12","","1","Active","","","","","","","","22","Rush","1","Received","1","Received"
"15424","ZBW2815","nyce-w-2815","000D6F000EAF5A39","120","NCZ-3041","1","0","52","NYCE Controls","10","Activity Sensors","39","Zigbee / Wall","12","","1","Active","","","","","","","","22","Rush","1","Received","1","Received"
"15425","ZBW2816","nyce-w-2816","000D6F000EB0C296","120","NCZ-3041","1","0","52","NYCE Controls","10","Activity Sensors","39","Zigbee / Wall","12","","1","Active","","","","","","","","22","Rush","1","Received","1","Received"
"15426","ZBW2817","nyce-w-2817","000D6F000EB09C0B","120","NCZ-3041","1","0","52","NYCE Controls","10","Activity Sensors","39","Zigbee / Wall","12","","1","Active","","","","","","","","22","Rush","1","Received","1","Received"
"15427","ZBW2818","nyce-w-2818","000D6F000EB0C0D8","120","NCZ-3041","1","0","52","NYCE Controls","10","Activity Sensors","39","Zigbee / Wall","12","","1","Active","","","","","","","","22","Rush","1","Received","1","Received"
"15428","ZBW2819","nyce-w-2819","000D6F000EAF565F","120","NCZ-3041","1","0","52","NYCE Controls","10","Activity Sensors","39","Zigbee / Wall","12","","1","Active","","","","","","","","22","Rush","1","Received","1","Received"
"15429","ZBW2820","nyce-w-2820","000D6F000EAF6412","120","NCZ-3041","1","0","52","NYCE Controls","10","Activity Sensors","39","Zigbee / Wall","12","","1","Active","","","","","","","","22","Rush","1","Received","1","Received"
"15430","ZBW2821","nyce-w-2821","000D6F000EB0852E","120","NCZ-3041","1","0","52","NYCE Controls","10","Activity Sensors","39","Zigbee / Wall","12","","1","Active","","","","","","","","22","Rush","1","Received","1","Received"
"15431","ZBW2822","nyce-w-2822","000D6F000EAF5A7A","120","NCZ-3041","1","0","52","NYCE Controls","10","Activity Sensors","39","Zigbee / Wall","12","","1","Active","","","","","","","","22","Rush","1","Received","1","Received"
"15432","ZBW2823","nyce-w-2823","000D6F000EB0BF7A","120","NCZ-3041","1","0","52","NYCE Controls","10","Activity Sensors","39","Zigbee / Wall","12","","1","Active","","","","","","","","22","Rush","1","Received","1","Received"
"15433","ZBW2824","nyce-w-2824","000D6F000EB08E36","120","NCZ-3041","1","0","52","NYCE Controls","10","Activity Sensors","39","Zigbee / Wall","12","","1","Active","","","","","","","","22","Rush","1","Received","1","Received"
"15434","ZBW2825","nyce-w-2825","000D6F000EB094CB","120","NCZ-3041","1","0","52","NYCE Controls","10","Activity Sensors","39","Zigbee / Wall","12","","1","Active","","","","","","","","22","Rush","1","Received","1","Received"
"15435","ZBW2826","nyce-w-2826","000D6F000EAF6467","120","NCZ-3041","1","0","52","NYCE Controls","10","Activity Sensors","39","Zigbee / Wall","12","","1","Active","","","","","","","","22","Rush","1","Received","1","Received"
"15436","ZBW2827","nyce-w-2827","000D6F000EAF647C","120","NCZ-3041","1","0","52","NYCE Controls","10","Activity Sensors","39","Zigbee / Wall","12","","1","Active","","","","","","","","22","Rush","1","Received","1","Received"
"15437","ZBW2828","nyce-w-2828","000D6F000EB0B9FB","120","NCZ-3041","1","0","52","NYCE Controls","10","Activity Sensors","39","Zigbee / Wall","12","","1","Active","1426","","2018-06-07 07:12:06","","","","","22","Rush","1","Received","2","Assigned"
"15438","ZBW2829","nyce-w-2829","000D6F000EAF19CF","120","NCZ-3041","1","0","52","NYCE Controls","10","Activity Sensors","39","Zigbee / Wall","12","","1","Active","","","","","","","","22","Rush","1","Received","1","Received"
"15439","ZBW2830","nyce-w-2830","000D6F000EAF231C","120","NCZ-3041","1","0","52","NYCE Controls","10","Activity Sensors","39","Zigbee / Wall","12","","1","Active","","","","","","","","22","Rush","1","Received","1","Received"
"15440","ZBW2831","nyce-w-2831","000D6F000EB09C00","120","NCZ-3041","1","0","52","NYCE Controls","10","Activity Sensors","39","Zigbee / Wall","12","","1","Active","","","","","","","","22","Rush","1","Received","1","Received"
"15441","ZBW2832","nyce-w-2832","000D6F000EB0C380","120","NCZ-3041","1","0","52","NYCE Controls","10","Activity Sensors","39","Zigbee / Wall","12","","1","Active","","","","","","","","22","Rush","1","Received","1","Received"
"15442","ZBW2833","nyce-w-2833","000D6F000EAF2157","120","NCZ-3041","1","0","52","NYCE Controls","10","Activity Sensors","39","Zigbee / Wall","12","","1","Active","","","","","","","","22","Rush","1","Received","1","Received"
"15443","ZBW2834","nyce-w-2834","000D6F000EB0A0E2","120","NCZ-3041","1","0","52","NYCE Controls","10","Activity Sensors","39","Zigbee / Wall","12","","1","Active","1426","","2018-06-07 07:09:55","","","","","22","Rush","1","Received","2","Assigned"
"15444","ZBW2835","nyce-w-2835","000D6F000EB0A006","120","NCZ-3041","1","0","52","NYCE Controls","10","Activity Sensors","39","Zigbee / Wall","12","","1","Active","","","","","","","","22","Rush","1","Received","1","Received"
"15445","ZBW2836","nyce-w-2836","000D6F000EB09137","120","NCZ-3041","1","0","52","NYCE Controls","10","Activity Sensors","39","Zigbee / Wall","12","","1","Active","","","","","","","","22","Rush","1","Received","1","Received"
"16113","76K-7QD","AutomaticPro-014","C3DATE2100126","165","AutomaticPro","0","1","60","Automatic Labs","48","Vehicle OBD adapter","53","Automatic","12","","1","Active","","","","","","","","22","Rush","1","Received","1","Received"
"16115","2ZD-4ZJ","AutomaticPro-016","C3DATE2200769","165","AutomaticPro","0","1","60","Automatic Labs","48","Vehicle OBD adapter","53","Automatic","12","","1","Active","","","","","","","","22","Rush","1","Received","1","Received"
"16124","3LU-6VQ","AutomaticPro-025","C3DATE2200631","165","AutomaticPro","0","1","60","Automatic Labs","48","Vehicle OBD adapter","53","Automatic","12","","1","Active","","","","","","","","22","Rush","1","Received","1","Received"
"16140","Q52-P5F","AutomaticPro-041","C3DATE1900241","165","AutomaticPro","0","1","60","Automatic Labs","48","Vehicle OBD adapter","53","Automatic","12","","1","Active","","","","","","","","22","Rush","1","Received","1","Received"
"16144","3T9-LL9","AutomaticPro-045","C3DATE2100502","165","AutomaticPro","0","1","60","Automatic Labs","48","Vehicle OBD adapter","53","Automatic","12","","1","Active","","","","","","","","22","Rush","1","Received","1","Received"
"16145","R4R-955","AutomaticPro-046","C3DATE2100048","165","AutomaticPro","0","1","60","Automatic Labs","48","Vehicle OBD adapter","53","Automatic","12","","1","Active","","","","","","","","22","Rush","1","Received","1","Received"
"16147","73T-42M","AutomaticPro-048","C3DATE2200374","165","AutomaticPro","0","1","60","Automatic Labs","48","Vehicle OBD adapter","53","Automatic","12","","1","Active","","","","","","","","22","Rush","1","Received","1","Received"
"16163","zbd0169-r310","zbd0169-r310","000D6F000ED0E954","122","R310(CICIE)","0","0","53","Telegesis","41","USB Dongle","40","Zigbee","12","","1","Active","","","","","","","","22","Rush","1","Received","1","Received"
"16173","zbd0178-r310","zbd0178-r310","000D6F000ED25B9B","122","R310(CICIE)","0","0","53","Telegesis","41","USB Dongle","40","Zigbee","12","","1","Active","","","","","","","","22","Rush","1","Received","1","Received"
"16197","zbd0202-r310","zbd0202-r310","000D6F000ED0E3A5","122","R310(CICIE)","0","0","53","Telegesis","41","USB Dongle","40","Zigbee","12","","1","Active","","","","","","","","22","Rush","1","Received","1","Received"
"16212","zbd0217-r310","zbd0217-r310","000D6F000ED0EAFE","122","R310(CICIE)","0","0","53","Telegesis","41","USB Dongle","40","Zigbee","12","","1","Active","","","","","","","","","","4","Borrowed","1","Borrowed"
"16213","zbd0218-r310","zbd0218-r310","000D6F000ED27A49","122","R310(CICIE)","0","0","53","Telegesis","41","USB Dongle","40","Zigbee","12","","1","Active","","","","","","","","","","4","Borrowed","1","Borrowed"
"16215","zbd0220-r310","zbd0220-r310","000D6F000ED58A90","122","R310(CICIE)","0","0","53","Telegesis","41","USB Dongle","40","Zigbee","12","","1","Active","1484","","2018-05-31 11:13:50","","","","","","","4","Borrowed","1","Borrowed"
"16218","zbd0223-r310","zbd0223-r310","000D6F000ED0B8D5","122","R310(CICIE)","0","0","53","Telegesis","41","USB Dongle","40","Zigbee","12","","1","Active","1426","","2018-06-07 07:09:02","","","","","22","Rush","1","Received","2","Assigned"
"16223","zbd0228-r310","zbd0228-r310","000D6F000ED0E2ED","122","R310(CICIE)","0","0","53","Telegesis","41","USB Dongle","40","Zigbee","12","","1","Active","1122","","2018-06-07 12:53:33","","","","","","","4","Borrowed","1","Borrowed"
"16227","zbd0232-r310","zbd0232-r310","000D6F000ED2578C","122","R310(CICIE)","0","0","53","Telegesis","41","USB Dongle","40","Zigbee","12","","1","Active","","","","","","","","22","Rush","1","Received","1","Received"
"16247","zbd0255-r310","zbd0255-r310","000D6F000ED25627","122","R310(CICIE)","0","0","53","Telegesis","41","USB Dongle","40","Zigbee","12","","1","Active","","","","","","","","22","Rush","1","Received","1","Received"
"16253","zbd0261-r310","zbd0261-r310","000D6F000ED587AD","122","R310(CICIE)","0","0","53","Telegesis","41","USB Dongle","40","Zigbee","12","","1","Active","","","","","","","","","","4","Borrowed","1","Borrowed"
"16265","zbd0273-r310","zbd0273-r310","000D6F000ED286CD","122","R310(CICIE)","0","0","53","Telegesis","41","USB Dongle","40","Zigbee","12","","1","Active","","","","","","","","","","4","Borrowed","1","Borrowed"
"16270","zbd0278-r310","zbd0278-r310","000D6F000ED58F5F","122","R310(CICIE)","0","0","53","Telegesis","41","USB Dongle","40","Zigbee","12","","1","Active","1094","","2018-06-05 15:09:15","","","","","","","4","Borrowed","1","Borrowed"
"16275","zbd0283-r310","zbd0283-r310","000D6F000ED0DAA1","122","R310(CICIE)","0","0","53","Telegesis","41","USB Dongle","40","Zigbee","12","","1","Active","","","","","","","","","","4","Borrowed","1","Borrowed"
"16281","zbd0289-r310","zbd0289-r310","000D6F000ED0D9B1","122","R310(CICIE)","0","0","53","Telegesis","41","USB Dongle","40","Zigbee","12","","1","Active","1417","","2018-06-05 08:00:00","","","","","","","","","",""
"16290","zbd0301-r310","zbd0301-r310","000D6F000ED58D34","122","R310(CICIE)","0","0","53","Telegesis","41","USB Dongle","40","Zigbee","12","","1","Active","1487","","2018-05-29 09:31:33","","","","","","","4","Borrowed","1","Borrowed"
"16297","zbd0176-r310","zbd0176-r310","000D6F000ED27DF9","122","R310(CICIE)","0","0","53","Telegesis","41","USB Dongle","40","Zigbee","12","","1","Active","","","","","","","","22","Rush","1","Received","1","Received"
"17045","b8:27:eb:6b:7e:51","plugpi-162","b8:27:eb:6b:7e:51","140","Raspberry Pi 3","0","0","61","Raspberry Pi Foundation","1","Computers","37","Plug","12","","1","Active","1487","","2018-05-29 09:29:16","","","","","","","4","Borrowed","1","Borrowed"
"17294","b8:27:eb:00:c0:51","plugpi-187","b8:27:eb:00:c0:51","140","Raspberry Pi 3","0","0","61","Raspberry Pi Foundation","1","Computers","37","Plug","12","","1","Active","","","","","","","","22","Rush","1","Received","1","Received"
"17435","4754","iSort-4754","","175","Single Row","1","1","78","TimerCap","15","MedTracker","61","iSort","12","","1","Active","","1694","","","","","","22","Rush","1","Received","2","Assigned"
"18595","b8:27:eb:18:4e:66","plugpi-291","b8:27:eb:18:4e:66","140","Raspberry Pi 3","0","0","61","Raspberry Pi Foundation","1","Computers","37","Plug","12","","1","Active","","","","","","","","22","Rush","1","Received","1","Received"
"18596","b8:27:eb:f3:f1:13","plugpi-292","b8:27:eb:f3:f1:13","140","Raspberry Pi 3","0","0","61","Raspberry Pi Foundation","1","Computers","37","Plug","12","","1","Active","1426","","2018-06-07 07:07:32","","","","","22","Rush","1","Received","2","Assigned"
"18597","b8:27:eb:0f:2d:06","plugpi-293","b8:27:eb:0f:2d:06","140","Raspberry Pi 3","0","0","61","Raspberry Pi Foundation","1","Computers","37","Plug","12","","1","Active","","","","","","","","22","Rush","1","Received","1","Received"
"18598","b8:27:eb:fa:3c:d6","plugpi-294","b8:27:eb:fa:3c:d6","140","Raspberry Pi 3","0","0","61","Raspberry Pi Foundation","1","Computers","37","Plug","12","","1","Active","","","","","","","","22","Rush","1","Received","1","Received"
"18599","b8:27:eb:07:fe:d8","plugpi-295","b8:27:eb:07:fe:d8","140","Raspberry Pi 3","0","0","61","Raspberry Pi Foundation","1","Computers","37","Plug","12","","1","Active","","","","","","","","22","Rush","1","Received","1","Received"
"18606","b8:27:eb:f4:78:0c","plugpi-302","b8:27:eb:f4:78:0c","140","Raspberry Pi 3","0","0","61","Raspberry Pi Foundation","1","Computers","37","Plug","12","","1","Active","","","","","","","","22","Rush","1","Received","1","Received"
"18611","b8:27:eb:0b:c4:45","plugpi-307","b8:27:eb:0b:c4:45","140","Raspberry Pi 3","0","0","61","Raspberry Pi Foundation","1","Computers","37","Plug","12","","1","Active","","","","","","","","22","Rush","1,4","Received,Borrowed","1,1","Received,Borrowed"
"18612","b8:27:eb:d6:72:bf","plugpi-308","b8:27:eb:d6:72:bf","140","Raspberry Pi 3","0","0","61","Raspberry Pi Foundation","1","Computers","37","Plug","12","","1","Active","","","","","","","","22","Rush","1","Received","1","Received"
"18615","b8:27:eb:b6:79:21","plugpi-311","b8:27:eb:b6:79:21","140","Raspberry Pi 3","0","0","61","Raspberry Pi Foundation","1","Computers","37","Plug","12","","1","Active","","","","","","","","22","Rush","1","Received","1","Received"
"18616","b8:27:eb:e2:1f:22","plugpi-312","b8:27:eb:e2:1f:22","140","Raspberry Pi 3","0","0","61","Raspberry Pi Foundation","1","Computers","37","Plug","12","","1","Active","","","","","","","","22","Rush","1","Received","1","Received"
"18948","00:24:E4:66:2E:D8","NS031","00:24:E4:66:2E:D8","176","Body Cardio","0","0","79","Nokia","40","Scale","58","Cardio","12","","1","Active","","","","","","","","22","Rush","1","Received","1","Received"
"18949","00:24:E4:66:32:56","NS032","00:24:E4:66:32:56","176","Body Cardio","0","0","79","Nokia","40","Scale","58","Cardio","12","","1","Active","","","","","","","","22","Rush","1","Received","1","Received"
"18950","00:24:E4:66:34:38","NS033","00:24:E4:66:34:38","176","Body Cardio","0","0","79","Nokia","40","Scale","58","Cardio","12","","1","Active","","","","","","","","22","Rush","1","Received","1","Received"
"18951","00:24:E4:66:35:3C","NS034","00:24:E4:66:35:3C","176","Body Cardio","0","0","79","Nokia","40","Scale","58","Cardio","12","","1","Active","","","","","","","","22","Rush","1","Received","1","Received"
"18952","00:24:E4:66:4F:A8","NS035","00:24:E4:66:4F:A8","176","Body Cardio","0","0","79","Nokia","40","Scale","58","Cardio","12","","1","Active","1426","","2018-06-07 07:21:25","","","","","22","Rush","1","Received","2","Assigned"
"18953","00:24:E4:66:75:22","NS036","00:24:E4:66:75:22","176","Body Cardio","0","0","79","Nokia","40","Scale","58","Cardio","12","","1","Active","","","","","","","","22","Rush","1","Received","1","Received"
"18954","00:24:E4:66:75:A6","NS037","00:24:E4:66:75:A6","176","Body Cardio","0","0","79","Nokia","40","Scale","58","Cardio","12","","1","Active","","","","","","","","22","Rush","1","Received","1","Received"
"18955","00:24:E4:66:78:28","NS038","00:24:E4:66:78:28","176","Body Cardio","0","0","79","Nokia","40","Scale","58","Cardio","12","","1","Active","","","","","","","","22","Rush","1","Received","1","Received"
"18956","00:24:E4:66:79:12","NS039","00:24:E4:66:79:12","176","Body Cardio","0","0","79","Nokia","40","Scale","58","Cardio","12","","1","Active","","","","","","","","22","Rush","1","Received","1","Received"
"18957","00:24:E4:66:7A:EA","NS040","00:24:E4:66:7A:EA","176","Body Cardio","0","0","79","Nokia","40","Scale","58","Cardio","12","","1","Active","","","","","","","","22","Rush","1","Received","1","Received"
"18968","00:24:E4:6D:A3:78","NW-001","00:24:E4:6D:A3:78","177","Steel","1","1","79","Nokia","42","Watch","41","Activity","12","","1","Active","","","","","","","","22","Rush","1","Received","1","Received"
"18969","00:24:E4:6D:A3:99","NW-002","00:24:E4:6D:A3:99","177","Steel","1","1","79","Nokia","42","Watch","41","Activity","12","","1","Active","","","","","","","","22","Rush","1","Received","1","Received"
"18970","00:24:E4:6D:A3:9E","NW-003","00:24:E4:6D:A3:9E","177","Steel","1","1","79","Nokia","42","Watch","41","Activity","12","","1","Active","","","","","","","","22","Rush","1","Received","1","Received"
"18971","00:24:E4:6D:A4:5C","NW-004","00:24:E4:6D:A4:5C","177","Steel","1","1","79","Nokia","42","Watch","41","Activity","12","","1","Active","","","","","","","","22","Rush","1","Received","1","Received"
"18972","00:24:E4:6D:A7:29","NW-005","00:24:E4:6D:A7:29","177","Steel","1","1","79","Nokia","42","Watch","41","Activity","12","","1","Active","","","","","","","","22","Rush","1","Received","1","Received"
"18973","00:24:E4:6D:A7:40","NW-006","00:24:E4:6D:A7:40","177","Steel","1","1","79","Nokia","42","Watch","41","Activity","12","","1","Active","","","","","","","","22","Rush","1","Received","1","Received"
"18974","00:24:E4:6D:A7:5F","NW-007","00:24:E4:6D:A7:5F","177","Steel","1","1","79","Nokia","42","Watch","41","Activity","12","","1","Active","","","","","","","","22","Rush","1","Received","1","Received"
"18975","00:24:E4:6D:A7:75","NW-008","00:24:E4:6D:A7:75","177","Steel","1","1","79","Nokia","42","Watch","41","Activity","12","","1","Active","","","","","","","","22","Rush","1","Received","1","Received"
"18976","00:24:E4:6D:A8:8E","NW-009","00:24:E4:6D:A8:8E","177","Steel","1","1","79","Nokia","42","Watch","41","Activity","12","","1","Active","","","","","","","","22","Rush","1","Received","1","Received"
"18977","00:24:E4:6D:A8:9C","NW-010","00:24:E4:6D:A8:9C","177","Steel","1","1","79","Nokia","42","Watch","41","Activity","12","","1","Active","","","","","","","","22","Rush","1","Received","1","Received"
"18978","00:24:E4:6D:93:90","NW-011","00:24:E4:6D:93:90","177","Steel","1","1","79","Nokia","42","Watch","41","Activity","12","","1","Active","","","","","","","","22","Rush","1","Received","1","Received"
"18979","00:24:E4:6D:93:94","NW-012","00:24:E4:6D:93:94","177","Steel","1","1","79","Nokia","42","Watch","41","Activity","12","","1","Active","","","","","","","","22","Rush","1","Received","1","Received"
"18980","00:24:E4:6D:94:52","NW-013","00:24:E4:6D:94:52","177","Steel","1","1","79","Nokia","42","Watch","41","Activity","12","","1","Active","","","","","","","","22","Rush","1","Received","1","Received"
"18981","00:24:E4:6D:94:F6","NW-014","00:24:E4:6D:94:F6","177","Steel","1","1","79","Nokia","42","Watch","41","Activity","12","","1","Active","","","","","","","","22","Rush","1","Received","1","Received"
"18982","00:24:E4:6D:95:17","NW-015","00:24:E4:6D:95:17","177","Steel","1","1","79","Nokia","42","Watch","41","Activity","12","","1","Active","","1694","","","","","","22","Rush","1","Received","2","Assigned"
"18983","00:24:E4:6D:95:A7","NW-016","00:24:E4:6D:95:A7","177","Steel","1","1","79","Nokia","42","Watch","41","Activity","12","","1","Active","","","","","","","","22","Rush","1","Received","1","Received"
"18984","00:24:E4:6D:96:8A","NW-017","00:24:E4:6D:96:8A","177","Steel","1","1","79","Nokia","42","Watch","41","Activity","12","","1","Active","","","","","","","","22","Rush","1","Received","1","Received"
"18985","00:24:E4:6D:9A:4A","NW-018","00:24:E4:6D:9A:4A","177","Steel","1","1","79","Nokia","42","Watch","41","Activity","12","","1","Active","","","","","","","","22","Rush","1","Received","1","Received"
"18986","00:24:E4:6D:9A:E9","NW-019","00:24:E4:6D:9A:E9","177","Steel","1","1","79","Nokia","42","Watch","41","Activity","12","","1","Active","","","","","","","","22","Rush","1","Received","1","Received"
"18987","00:24:E4:6D:9A:EB","NW-020","00:24:E4:6D:9A:EB","177","Steel","1","1","79","Nokia","42","Watch","41","Activity","12","","1","Active","","","","","","","","22","Rush","1","Received","1","Received"
"19173","7220","iSort-7220","BC:14:EF:72:73:AC","175","Single Row","1","1","78","TimerCap","15","MedTracker","61","iSort","12","","1","Active","","","","","","","","22","Rush","1","Received","1","Received"
"19176","9748","iSort-9748","BC:14:EF:72:74:48","175","Single Row","1","1","78","TimerCap","15","MedTracker","61","iSort","12","","1","Active","","","","","","","","22","Rush","1","Received","1","Received"
"19208","3368","iSort-3368","BC:14:EF:72:6F:5C","175","Single Row","1","1","78","TimerCap","15","MedTracker","61","iSort","12","","1","Active","","","","","","","","22","Rush","1","Received","1","Received"
"19210","4301","iSort-4301","BC:14:EF:72:72:A5","175","Single Row","1","1","78","TimerCap","15","MedTracker","61","iSort","12","","1","Active","","","","","","","","22","Rush","1","Received","1","Received"
"19214","4093","iSort-4093","BC:14:EF:72:72:95","175","Single Row","1","1","78","TimerCap","15","MedTracker","61","iSort","12","","1","Active","","","","","","","","22","Rush","1","Received","1","Received"
"19219","9436","iSort-9436","BC:14:EF:72:74:30","175","Single Row","1","1","78","TimerCap","15","MedTracker","61","iSort","12","","1","Active","","","","","","","","22","Rush","1","Received","1","Received"
"19234","2403","iSort-2403","BC:14:EF:72:72:13","175","Single Row","1","1","78","TimerCap","15","MedTracker","61","iSort","12","","1","Active","","","","","","","","22","Rush","1","Received","1","Received"
"19241","7294","iSort-7294","BC:14:EF:72:70:8A","175","Single Row","1","1","78","TimerCap","15","MedTracker","61","iSort","12","","1","Active","","","","","","","","22","Rush","1","Received","1","Received"
"19244","4818","iSort-4818","BC:14:EF:72:75:CE","175","Single Row","1","1","78","TimerCap","15","MedTracker","61","iSort","12","","1","Active","","1694","","","","","","22","Rush","1","Received","2","Assigned"
"19251","9072","iSort-9072","BC:14:EF:72:74:14","175","Single Row","1","1","78","TimerCap","15","MedTracker","61","iSort","12","","1","Active","","","","","","","","22","Rush","1","Received","1","Received"